title,href,real_title
盗墓笔记1七星鲁王宫,http://seputu.com/biji1/1.html,七星鲁王 第一章 血尸
盗墓笔记1七星鲁王宫,http://seputu.com/biji1/2.html,七星鲁王 第二章 五十年后
盗墓笔记1七星鲁王宫,http://seputu.com/biji1/3.html,七星鲁王 第三章 瓜子庙
盗墓笔记1七星鲁王宫,http://seputu.com/biji1/4.html,七星鲁王 第四章 尸洞
盗墓笔记1七星鲁王宫,http://seputu.com/biji1/5.html,七星鲁王 第五章 水影
盗墓笔记1七星鲁王宫,http://seputu.com/biji1/6.html,七星鲁王 第六章 积尸地
盗墓笔记1七星鲁王宫,http://seputu.com/biji1/7.html,七星鲁王 第七章 一百多个人头
盗墓笔记1七星鲁王宫,http://seputu.com/biji1/8.html,七星鲁王 第八章 山谷
盗墓笔记1七星鲁王宫,http://seputu.com/biji1/9.html,七星鲁王 第九章 古墓
盗墓笔记1七星鲁王宫,http://seputu.com/biji1/10.html,七星鲁王 第十章 影子
盗墓笔记1七星鲁王宫,http://seputu.com/biji1/11.html,七星鲁王 第十一章 七星棺
盗墓笔记1七星鲁王宫,http://seputu.com/biji1/12.html,七星鲁王 第十二章 门
盗墓笔记1七星鲁王宫,http://seputu.com/biji1/13.html,七星鲁王 第十三章 02200059
盗墓笔记1七星鲁王宫,http://seputu.com/biji1/14.html,七星鲁王 第十四章 闷油瓶
盗墓笔记1七星鲁王宫,http://seputu.com/biji1/15.html,七星鲁王 第十五章 屁
盗墓笔记1七星鲁王宫,http://seputu.com/biji1/16.html,七星鲁王 第十六章 小手
盗墓笔记1七星鲁王宫,http://seputu.com/biji1/17.html,七星鲁王 第十七章 洞
盗墓笔记1七星鲁王宫,http://seputu.com/biji1/18.html,七星鲁王 第十八章 大树
盗墓笔记1七星鲁王宫,http://seputu.com/biji1/19.html,七星鲁王 第十九章 女尸
盗墓笔记1七星鲁王宫,http://seputu.com/biji1/20.html,七星鲁王 第二十章 钥匙
盗墓笔记1七星鲁王宫,http://seputu.com/biji1/21.html,七星鲁王 第二十一章 青眼狐尸
盗墓笔记1七星鲁王宫,http://seputu.com/biji1/22.html,七星鲁王 第二十二章 八重宝函
盗墓笔记1七星鲁王宫,http://seputu.com/biji1/23.html,七星鲁王 第二十三章 棺椁
盗墓笔记1七星鲁王宫,http://seputu.com/biji1/24.html,七星鲁王 第二十四章 活尸
盗墓笔记1七星鲁王宫,http://seputu.com/biji1/25.html,七星鲁王 第二十五章 玉俑
盗墓笔记1七星鲁王宫,http://seputu.com/biji1/26.html,七星鲁王 第二十六章 紫玉匣子
盗墓笔记1七星鲁王宫,http://seputu.com/biji1/27.html,七星鲁王 第二十七章 谎言
盗墓笔记1七星鲁王宫,http://seputu.com/biji1/28.html,七星鲁王 第二十八章 火
盗墓笔记1七星鲁王宫,http://seputu.com/biji1/29.html,七星鲁王 第二十九章 紫金匣
盗墓笔记1七星鲁王宫,http://seputu.com/biji1/30.html,怒海潜沙 第一章 蛇眉铜鱼
盗墓笔记1七星鲁王宫,http://seputu.com/biji1/31.html,怒海潜沙 第二章 双层墓墙
盗墓笔记1七星鲁王宫,http://seputu.com/biji1/32.html,怒海潜沙 第三章 大风暴
盗墓笔记1七星鲁王宫,http://seputu.com/biji1/33.html,怒海潜沙 第四章 海鬼
盗墓笔记1七星鲁王宫,http://seputu.com/biji1/34.html,怒海潜沙 第五章 老照片
盗墓笔记1七星鲁王宫,http://seputu.com/biji1/35.html,怒海潜沙 第六章 海南
盗墓笔记1七星鲁王宫,http://seputu.com/biji1/36.html,怒海潜沙 第七章 女人
盗墓笔记1七星鲁王宫,http://seputu.com/biji1/37.html,怒海潜沙 第八章 变天了
盗墓笔记1七星鲁王宫,http://seputu.com/biji1/38.html,怒海潜沙 第九章 鬼船
盗墓笔记1七星鲁王宫,http://seputu.com/biji1/39.html,怒海潜沙 第十章 枯手
盗墓笔记1七星鲁王宫,http://seputu.com/biji1/40.html,怒海潜沙 第十一章 甲板
盗墓笔记1七星鲁王宫,http://seputu.com/biji1/41.html,怒海潜沙 第十二章 三叔的谎言
盗墓笔记1七星鲁王宫,http://seputu.com/biji1/42.html,怒海潜沙 第十三章 海猴子
盗墓笔记1七星鲁王宫,http://seputu.com/biji1/43.html,怒海潜沙 第十四章 永兴岛
盗墓笔记1七星鲁王宫,http://seputu.com/biji1/44.html,怒海潜沙 第十五章 胖子
盗墓笔记1七星鲁王宫,http://seputu.com/biji1/45.html,怒海潜沙 第十六章 开会
盗墓笔记1七星鲁王宫,http://seputu.com/biji1/46.html,怒海潜沙 第十七章 头发
盗墓笔记1七星鲁王宫,http://seputu.com/biji1/47.html,怒海潜沙 第十八章 大量头发
盗墓笔记1七星鲁王宫,http://seputu.com/biji1/48.html,怒海潜沙 第十九章 大瓷罐
盗墓笔记1七星鲁王宫,http://seputu.com/biji1/49.html,怒海潜沙 第二十章 甬道
盗墓笔记1七星鲁王宫,http://seputu.com/biji1/50.html,怒海潜沙 第二十一章 箭
盗墓笔记1七星鲁王宫,http://seputu.com/biji1/51.html,怒海潜沙 第二十二章 第一次解迷
盗墓笔记1七星鲁王宫,http://seputu.com/biji1/52.html,怒海潜沙 第二十三章 继续解迷
盗墓笔记1七星鲁王宫,http://seputu.com/biji1/53.html,怒海潜沙 第二十四章 开棺
盗墓笔记1七星鲁王宫,http://seputu.com/biji1/54.html,怒海潜沙 第二十五章 一个人
盗墓笔记1七星鲁王宫,http://seputu.com/biji1/55.html,怒海潜沙 第二十六章 瓷画
盗墓笔记1七星鲁王宫,http://seputu.com/biji1/56.html,怒海潜沙 第二十七章 无题
盗墓笔记1七星鲁王宫,http://seputu.com/biji1/57.html,怒海潜沙 第二十八章 继续无题
盗墓笔记1七星鲁王宫,http://seputu.com/biji1/58.html,怒海潜沙 第二十九章 石碑
盗墓笔记1七星鲁王宫,http://seputu.com/biji1/59.html,怒海潜沙 第三十章 池底
盗墓笔记1七星鲁王宫,http://seputu.com/biji1/60.html,怒海潜沙 第三十一章 二十年前
盗墓笔记1七星鲁王宫,http://seputu.com/biji1/61.html,怒海潜沙 第三十二章 奇门遁甲
盗墓笔记1七星鲁王宫,http://seputu.com/biji1/62.html,怒海潜沙 第三十三章 生门
盗墓笔记1七星鲁王宫,http://seputu.com/biji1/63.html,怒海潜沙 第三十四章 连环
盗墓笔记1七星鲁王宫,http://seputu.com/biji1/64.html,怒海潜沙 第三十五章 血字
盗墓笔记1七星鲁王宫,http://seputu.com/biji1/65.html,怒海潜沙 第三十六章 脱困
盗墓笔记1七星鲁王宫,http://seputu.com/biji1/66.html,怒海潜沙 第三十七章 盗洞
盗墓笔记1七星鲁王宫,http://seputu.com/biji1/67.html,怒海潜沙 第三十八章 禁婆
盗墓笔记1七星鲁王宫,http://seputu.com/biji1/68.html,怒海潜沙 第三十九章 混战
盗墓笔记1七星鲁王宫,http://seputu.com/biji1/69.html,怒海潜沙 第四十章 墙洞
盗墓笔记1七星鲁王宫,http://seputu.com/biji1/70.html,怒海潜沙 第四十一章 珊瑚树
盗墓笔记1七星鲁王宫,http://seputu.com/biji1/71.html,怒海潜沙 第四十二章 困境
盗墓笔记1七星鲁王宫,http://seputu.com/biji1/72.html,怒海潜沙 第四十三章 炸弹
盗墓笔记1七星鲁王宫,http://seputu.com/biji1/73.html,怒海潜沙 第四十四章 脱皮
盗墓笔记1七星鲁王宫,http://seputu.com/biji1/74.html,怒海潜沙 第四十五章 脱出
盗墓笔记1七星鲁王宫,http://seputu.com/biji1/75.html,怒海潜沙 第四十六章 总结
盗墓笔记2秦岭神树,http://seputu.com/biji1/1.html,七星鲁王 第一章 血尸
盗墓笔记2秦岭神树,http://seputu.com/biji1/2.html,七星鲁王 第二章 五十年后
盗墓笔记2秦岭神树,http://seputu.com/biji1/3.html,七星鲁王 第三章 瓜子庙
盗墓笔记2秦岭神树,http://seputu.com/biji1/4.html,七星鲁王 第四章 尸洞
盗墓笔记2秦岭神树,http://seputu.com/biji1/5.html,七星鲁王 第五章 水影
盗墓笔记2秦岭神树,http://seputu.com/biji1/6.html,七星鲁王 第六章 积尸地
盗墓笔记2秦岭神树,http://seputu.com/biji1/7.html,七星鲁王 第七章 一百多个人头
盗墓笔记2秦岭神树,http://seputu.com/biji1/8.html,七星鲁王 第八章 山谷
盗墓笔记2秦岭神树,http://seputu.com/biji1/9.html,七星鲁王 第九章 古墓
盗墓笔记2秦岭神树,http://seputu.com/biji1/10.html,七星鲁王 第十章 影子
盗墓笔记2秦岭神树,http://seputu.com/biji1/11.html,七星鲁王 第十一章 七星棺
盗墓笔记2秦岭神树,http://seputu.com/biji1/12.html,七星鲁王 第十二章 门
盗墓笔记2秦岭神树,http://seputu.com/biji1/13.html,七星鲁王 第十三章 02200059
盗墓笔记2秦岭神树,http://seputu.com/biji1/14.html,七星鲁王 第十四章 闷油瓶
盗墓笔记2秦岭神树,http://seputu.com/biji1/15.html,七星鲁王 第十五章 屁
盗墓笔记2秦岭神树,http://seputu.com/biji1/16.html,七星鲁王 第十六章 小手
盗墓笔记2秦岭神树,http://seputu.com/biji1/17.html,七星鲁王 第十七章 洞
盗墓笔记2秦岭神树,http://seputu.com/biji1/18.html,七星鲁王 第十八章 大树
盗墓笔记2秦岭神树,http://seputu.com/biji1/19.html,七星鲁王 第十九章 女尸
盗墓笔记2秦岭神树,http://seputu.com/biji1/20.html,七星鲁王 第二十章 钥匙
盗墓笔记2秦岭神树,http://seputu.com/biji1/21.html,七星鲁王 第二十一章 青眼狐尸
盗墓笔记2秦岭神树,http://seputu.com/biji1/22.html,七星鲁王 第二十二章 八重宝函
盗墓笔记2秦岭神树,http://seputu.com/biji1/23.html,七星鲁王 第二十三章 棺椁
盗墓笔记2秦岭神树,http://seputu.com/biji1/24.html,七星鲁王 第二十四章 活尸
盗墓笔记2秦岭神树,http://seputu.com/biji1/25.html,七星鲁王 第二十五章 玉俑
盗墓笔记2秦岭神树,http://seputu.com/biji1/26.html,七星鲁王 第二十六章 紫玉匣子
盗墓笔记2秦岭神树,http://seputu.com/biji1/27.html,七星鲁王 第二十七章 谎言
盗墓笔记2秦岭神树,http://seputu.com/biji1/28.html,七星鲁王 第二十八章 火
盗墓笔记2秦岭神树,http://seputu.com/biji1/29.html,七星鲁王 第二十九章 紫金匣
盗墓笔记2秦岭神树,http://seputu.com/biji1/30.html,怒海潜沙 第一章 蛇眉铜鱼
盗墓笔记2秦岭神树,http://seputu.com/biji1/31.html,怒海潜沙 第二章 双层墓墙
盗墓笔记2秦岭神树,http://seputu.com/biji1/32.html,怒海潜沙 第三章 大风暴
盗墓笔记2秦岭神树,http://seputu.com/biji1/33.html,怒海潜沙 第四章 海鬼
盗墓笔记2秦岭神树,http://seputu.com/biji1/34.html,怒海潜沙 第五章 老照片
盗墓笔记2秦岭神树,http://seputu.com/biji1/35.html,怒海潜沙 第六章 海南
盗墓笔记2秦岭神树,http://seputu.com/biji1/36.html,怒海潜沙 第七章 女人
盗墓笔记2秦岭神树,http://seputu.com/biji1/37.html,怒海潜沙 第八章 变天了
盗墓笔记2秦岭神树,http://seputu.com/biji1/38.html,怒海潜沙 第九章 鬼船
盗墓笔记2秦岭神树,http://seputu.com/biji1/39.html,怒海潜沙 第十章 枯手
盗墓笔记2秦岭神树,http://seputu.com/biji1/40.html,怒海潜沙 第十一章 甲板
盗墓笔记2秦岭神树,http://seputu.com/biji1/41.html,怒海潜沙 第十二章 三叔的谎言
盗墓笔记2秦岭神树,http://seputu.com/biji1/42.html,怒海潜沙 第十三章 海猴子
盗墓笔记2秦岭神树,http://seputu.com/biji1/43.html,怒海潜沙 第十四章 永兴岛
盗墓笔记2秦岭神树,http://seputu.com/biji1/44.html,怒海潜沙 第十五章 胖子
盗墓笔记2秦岭神树,http://seputu.com/biji1/45.html,怒海潜沙 第十六章 开会
盗墓笔记2秦岭神树,http://seputu.com/biji1/46.html,怒海潜沙 第十七章 头发
盗墓笔记2秦岭神树,http://seputu.com/biji1/47.html,怒海潜沙 第十八章 大量头发
盗墓笔记2秦岭神树,http://seputu.com/biji1/48.html,怒海潜沙 第十九章 大瓷罐
盗墓笔记2秦岭神树,http://seputu.com/biji1/49.html,怒海潜沙 第二十章 甬道
盗墓笔记2秦岭神树,http://seputu.com/biji1/50.html,怒海潜沙 第二十一章 箭
盗墓笔记2秦岭神树,http://seputu.com/biji1/51.html,怒海潜沙 第二十二章 第一次解迷
盗墓笔记2秦岭神树,http://seputu.com/biji1/52.html,怒海潜沙 第二十三章 继续解迷
盗墓笔记2秦岭神树,http://seputu.com/biji1/53.html,怒海潜沙 第二十四章 开棺
盗墓笔记2秦岭神树,http://seputu.com/biji1/54.html,怒海潜沙 第二十五章 一个人
盗墓笔记2秦岭神树,http://seputu.com/biji1/55.html,怒海潜沙 第二十六章 瓷画
盗墓笔记2秦岭神树,http://seputu.com/biji1/56.html,怒海潜沙 第二十七章 无题
盗墓笔记2秦岭神树,http://seputu.com/biji1/57.html,怒海潜沙 第二十八章 继续无题
盗墓笔记2秦岭神树,http://seputu.com/biji1/58.html,怒海潜沙 第二十九章 石碑
盗墓笔记2秦岭神树,http://seputu.com/biji1/59.html,怒海潜沙 第三十章 池底
盗墓笔记2秦岭神树,http://seputu.com/biji1/60.html,怒海潜沙 第三十一章 二十年前
盗墓笔记2秦岭神树,http://seputu.com/biji1/61.html,怒海潜沙 第三十二章 奇门遁甲
盗墓笔记2秦岭神树,http://seputu.com/biji1/62.html,怒海潜沙 第三十三章 生门
盗墓笔记2秦岭神树,http://seputu.com/biji1/63.html,怒海潜沙 第三十四章 连环
盗墓笔记2秦岭神树,http://seputu.com/biji1/64.html,怒海潜沙 第三十五章 血字
盗墓笔记2秦岭神树,http://seputu.com/biji1/65.html,怒海潜沙 第三十六章 脱困
盗墓笔记2秦岭神树,http://seputu.com/biji1/66.html,怒海潜沙 第三十七章 盗洞
盗墓笔记2秦岭神树,http://seputu.com/biji1/67.html,怒海潜沙 第三十八章 禁婆
盗墓笔记2秦岭神树,http://seputu.com/biji1/68.html,怒海潜沙 第三十九章 混战
盗墓笔记2秦岭神树,http://seputu.com/biji1/69.html,怒海潜沙 第四十章 墙洞
盗墓笔记2秦岭神树,http://seputu.com/biji1/70.html,怒海潜沙 第四十一章 珊瑚树
盗墓笔记2秦岭神树,http://seputu.com/biji1/71.html,怒海潜沙 第四十二章 困境
盗墓笔记2秦岭神树,http://seputu.com/biji1/72.html,怒海潜沙 第四十三章 炸弹
盗墓笔记2秦岭神树,http://seputu.com/biji1/73.html,怒海潜沙 第四十四章 脱皮
盗墓笔记2秦岭神树,http://seputu.com/biji1/74.html,怒海潜沙 第四十五章 脱出
盗墓笔记2秦岭神树,http://seputu.com/biji1/75.html,怒海潜沙 第四十六章 总结
盗墓笔记3云顶天宫,http://seputu.com/biji1/1.html,七星鲁王 第一章 血尸
盗墓笔记3云顶天宫,http://seputu.com/biji1/2.html,七星鲁王 第二章 五十年后
盗墓笔记3云顶天宫,http://seputu.com/biji1/3.html,七星鲁王 第三章 瓜子庙
盗墓笔记3云顶天宫,http://seputu.com/biji1/4.html,七星鲁王 第四章 尸洞
盗墓笔记3云顶天宫,http://seputu.com/biji1/5.html,七星鲁王 第五章 水影
盗墓笔记3云顶天宫,http://seputu.com/biji1/6.html,七星鲁王 第六章 积尸地
盗墓笔记3云顶天宫,http://seputu.com/biji1/7.html,七星鲁王 第七章 一百多个人头
盗墓笔记3云顶天宫,http://seputu.com/biji1/8.html,七星鲁王 第八章 山谷
盗墓笔记3云顶天宫,http://seputu.com/biji1/9.html,七星鲁王 第九章 古墓
盗墓笔记3云顶天宫,http://seputu.com/biji1/10.html,七星鲁王 第十章 影子
盗墓笔记3云顶天宫,http://seputu.com/biji1/11.html,七星鲁王 第十一章 七星棺
盗墓笔记3云顶天宫,http://seputu.com/biji1/12.html,七星鲁王 第十二章 门
盗墓笔记3云顶天宫,http://seputu.com/biji1/13.html,七星鲁王 第十三章 02200059
盗墓笔记3云顶天宫,http://seputu.com/biji1/14.html,七星鲁王 第十四章 闷油瓶
盗墓笔记3云顶天宫,http://seputu.com/biji1/15.html,七星鲁王 第十五章 屁
盗墓笔记3云顶天宫,http://seputu.com/biji1/16.html,七星鲁王 第十六章 小手
盗墓笔记3云顶天宫,http://seputu.com/biji1/17.html,七星鲁王 第十七章 洞
盗墓笔记3云顶天宫,http://seputu.com/biji1/18.html,七星鲁王 第十八章 大树
盗墓笔记3云顶天宫,http://seputu.com/biji1/19.html,七星鲁王 第十九章 女尸
盗墓笔记3云顶天宫,http://seputu.com/biji1/20.html,七星鲁王 第二十章 钥匙
盗墓笔记3云顶天宫,http://seputu.com/biji1/21.html,七星鲁王 第二十一章 青眼狐尸
盗墓笔记3云顶天宫,http://seputu.com/biji1/22.html,七星鲁王 第二十二章 八重宝函
盗墓笔记3云顶天宫,http://seputu.com/biji1/23.html,七星鲁王 第二十三章 棺椁
盗墓笔记3云顶天宫,http://seputu.com/biji1/24.html,七星鲁王 第二十四章 活尸
盗墓笔记3云顶天宫,http://seputu.com/biji1/25.html,七星鲁王 第二十五章 玉俑
盗墓笔记3云顶天宫,http://seputu.com/biji1/26.html,七星鲁王 第二十六章 紫玉匣子
盗墓笔记3云顶天宫,http://seputu.com/biji1/27.html,七星鲁王 第二十七章 谎言
盗墓笔记3云顶天宫,http://seputu.com/biji1/28.html,七星鲁王 第二十八章 火
盗墓笔记3云顶天宫,http://seputu.com/biji1/29.html,七星鲁王 第二十九章 紫金匣
盗墓笔记3云顶天宫,http://seputu.com/biji1/30.html,怒海潜沙 第一章 蛇眉铜鱼
盗墓笔记3云顶天宫,http://seputu.com/biji1/31.html,怒海潜沙 第二章 双层墓墙
盗墓笔记3云顶天宫,http://seputu.com/biji1/32.html,怒海潜沙 第三章 大风暴
盗墓笔记3云顶天宫,http://seputu.com/biji1/33.html,怒海潜沙 第四章 海鬼
盗墓笔记3云顶天宫,http://seputu.com/biji1/34.html,怒海潜沙 第五章 老照片
盗墓笔记3云顶天宫,http://seputu.com/biji1/35.html,怒海潜沙 第六章 海南
盗墓笔记3云顶天宫,http://seputu.com/biji1/36.html,怒海潜沙 第七章 女人
盗墓笔记3云顶天宫,http://seputu.com/biji1/37.html,怒海潜沙 第八章 变天了
盗墓笔记3云顶天宫,http://seputu.com/biji1/38.html,怒海潜沙 第九章 鬼船
盗墓笔记3云顶天宫,http://seputu.com/biji1/39.html,怒海潜沙 第十章 枯手
盗墓笔记3云顶天宫,http://seputu.com/biji1/40.html,怒海潜沙 第十一章 甲板
盗墓笔记3云顶天宫,http://seputu.com/biji1/41.html,怒海潜沙 第十二章 三叔的谎言
盗墓笔记3云顶天宫,http://seputu.com/biji1/42.html,怒海潜沙 第十三章 海猴子
盗墓笔记3云顶天宫,http://seputu.com/biji1/43.html,怒海潜沙 第十四章 永兴岛
盗墓笔记3云顶天宫,http://seputu.com/biji1/44.html,怒海潜沙 第十五章 胖子
盗墓笔记3云顶天宫,http://seputu.com/biji1/45.html,怒海潜沙 第十六章 开会
盗墓笔记3云顶天宫,http://seputu.com/biji1/46.html,怒海潜沙 第十七章 头发
盗墓笔记3云顶天宫,http://seputu.com/biji1/47.html,怒海潜沙 第十八章 大量头发
盗墓笔记3云顶天宫,http://seputu.com/biji1/48.html,怒海潜沙 第十九章 大瓷罐
盗墓笔记3云顶天宫,http://seputu.com/biji1/49.html,怒海潜沙 第二十章 甬道
盗墓笔记3云顶天宫,http://seputu.com/biji1/50.html,怒海潜沙 第二十一章 箭
盗墓笔记3云顶天宫,http://seputu.com/biji1/51.html,怒海潜沙 第二十二章 第一次解迷
盗墓笔记3云顶天宫,http://seputu.com/biji1/52.html,怒海潜沙 第二十三章 继续解迷
盗墓笔记3云顶天宫,http://seputu.com/biji1/53.html,怒海潜沙 第二十四章 开棺
盗墓笔记3云顶天宫,http://seputu.com/biji1/54.html,怒海潜沙 第二十五章 一个人
盗墓笔记3云顶天宫,http://seputu.com/biji1/55.html,怒海潜沙 第二十六章 瓷画
盗墓笔记3云顶天宫,http://seputu.com/biji1/56.html,怒海潜沙 第二十七章 无题
盗墓笔记3云顶天宫,http://seputu.com/biji1/57.html,怒海潜沙 第二十八章 继续无题
盗墓笔记3云顶天宫,http://seputu.com/biji1/58.html,怒海潜沙 第二十九章 石碑
盗墓笔记3云顶天宫,http://seputu.com/biji1/59.html,怒海潜沙 第三十章 池底
盗墓笔记3云顶天宫,http://seputu.com/biji1/60.html,怒海潜沙 第三十一章 二十年前
盗墓笔记3云顶天宫,http://seputu.com/biji1/61.html,怒海潜沙 第三十二章 奇门遁甲
盗墓笔记3云顶天宫,http://seputu.com/biji1/62.html,怒海潜沙 第三十三章 生门
盗墓笔记3云顶天宫,http://seputu.com/biji1/63.html,怒海潜沙 第三十四章 连环
盗墓笔记3云顶天宫,http://seputu.com/biji1/64.html,怒海潜沙 第三十五章 血字
盗墓笔记3云顶天宫,http://seputu.com/biji1/65.html,怒海潜沙 第三十六章 脱困
盗墓笔记3云顶天宫,http://seputu.com/biji1/66.html,怒海潜沙 第三十七章 盗洞
盗墓笔记3云顶天宫,http://seputu.com/biji1/67.html,怒海潜沙 第三十八章 禁婆
盗墓笔记3云顶天宫,http://seputu.com/biji1/68.html,怒海潜沙 第三十九章 混战
盗墓笔记3云顶天宫,http://seputu.com/biji1/69.html,怒海潜沙 第四十章 墙洞
盗墓笔记3云顶天宫,http://seputu.com/biji1/70.html,怒海潜沙 第四十一章 珊瑚树
盗墓笔记3云顶天宫,http://seputu.com/biji1/71.html,怒海潜沙 第四十二章 困境
盗墓笔记3云顶天宫,http://seputu.com/biji1/72.html,怒海潜沙 第四十三章 炸弹
盗墓笔记3云顶天宫,http://seputu.com/biji1/73.html,怒海潜沙 第四十四章 脱皮
盗墓笔记3云顶天宫,http://seputu.com/biji1/74.html,怒海潜沙 第四十五章 脱出
盗墓笔记3云顶天宫,http://seputu.com/biji1/75.html,怒海潜沙 第四十六章 总结
盗墓笔记4蛇沼鬼城,http://seputu.com/biji1/1.html,七星鲁王 第一章 血尸
盗墓笔记4蛇沼鬼城,http://seputu.com/biji1/2.html,七星鲁王 第二章 五十年后
盗墓笔记4蛇沼鬼城,http://seputu.com/biji1/3.html,七星鲁王 第三章 瓜子庙
盗墓笔记4蛇沼鬼城,http://seputu.com/biji1/4.html,七星鲁王 第四章 尸洞
盗墓笔记4蛇沼鬼城,http://seputu.com/biji1/5.html,七星鲁王 第五章 水影
盗墓笔记4蛇沼鬼城,http://seputu.com/biji1/6.html,七星鲁王 第六章 积尸地
盗墓笔记4蛇沼鬼城,http://seputu.com/biji1/7.html,七星鲁王 第七章 一百多个人头
盗墓笔记4蛇沼鬼城,http://seputu.com/biji1/8.html,七星鲁王 第八章 山谷
盗墓笔记4蛇沼鬼城,http://seputu.com/biji1/9.html,七星鲁王 第九章 古墓
盗墓笔记4蛇沼鬼城,http://seputu.com/biji1/10.html,七星鲁王 第十章 影子
盗墓笔记4蛇沼鬼城,http://seputu.com/biji1/11.html,七星鲁王 第十一章 七星棺
盗墓笔记4蛇沼鬼城,http://seputu.com/biji1/12.html,七星鲁王 第十二章 门
盗墓笔记4蛇沼鬼城,http://seputu.com/biji1/13.html,七星鲁王 第十三章 02200059
盗墓笔记4蛇沼鬼城,http://seputu.com/biji1/14.html,七星鲁王 第十四章 闷油瓶
盗墓笔记4蛇沼鬼城,http://seputu.com/biji1/15.html,七星鲁王 第十五章 屁
盗墓笔记4蛇沼鬼城,http://seputu.com/biji1/16.html,七星鲁王 第十六章 小手
盗墓笔记4蛇沼鬼城,http://seputu.com/biji1/17.html,七星鲁王 第十七章 洞
盗墓笔记4蛇沼鬼城,http://seputu.com/biji1/18.html,七星鲁王 第十八章 大树
盗墓笔记4蛇沼鬼城,http://seputu.com/biji1/19.html,七星鲁王 第十九章 女尸
盗墓笔记4蛇沼鬼城,http://seputu.com/biji1/20.html,七星鲁王 第二十章 钥匙
盗墓笔记4蛇沼鬼城,http://seputu.com/biji1/21.html,七星鲁王 第二十一章 青眼狐尸
盗墓笔记4蛇沼鬼城,http://seputu.com/biji1/22.html,七星鲁王 第二十二章 八重宝函
盗墓笔记4蛇沼鬼城,http://seputu.com/biji1/23.html,七星鲁王 第二十三章 棺椁
盗墓笔记4蛇沼鬼城,http://seputu.com/biji1/24.html,七星鲁王 第二十四章 活尸
盗墓笔记4蛇沼鬼城,http://seputu.com/biji1/25.html,七星鲁王 第二十五章 玉俑
盗墓笔记4蛇沼鬼城,http://seputu.com/biji1/26.html,七星鲁王 第二十六章 紫玉匣子
盗墓笔记4蛇沼鬼城,http://seputu.com/biji1/27.html,七星鲁王 第二十七章 谎言
盗墓笔记4蛇沼鬼城,http://seputu.com/biji1/28.html,七星鲁王 第二十八章 火
盗墓笔记4蛇沼鬼城,http://seputu.com/biji1/29.html,七星鲁王 第二十九章 紫金匣
盗墓笔记4蛇沼鬼城,http://seputu.com/biji1/30.html,怒海潜沙 第一章 蛇眉铜鱼
盗墓笔记4蛇沼鬼城,http://seputu.com/biji1/31.html,怒海潜沙 第二章 双层墓墙
盗墓笔记4蛇沼鬼城,http://seputu.com/biji1/32.html,怒海潜沙 第三章 大风暴
盗墓笔记4蛇沼鬼城,http://seputu.com/biji1/33.html,怒海潜沙 第四章 海鬼
盗墓笔记4蛇沼鬼城,http://seputu.com/biji1/34.html,怒海潜沙 第五章 老照片
盗墓笔记4蛇沼鬼城,http://seputu.com/biji1/35.html,怒海潜沙 第六章 海南
盗墓笔记4蛇沼鬼城,http://seputu.com/biji1/36.html,怒海潜沙 第七章 女人
盗墓笔记4蛇沼鬼城,http://seputu.com/biji1/37.html,怒海潜沙 第八章 变天了
盗墓笔记4蛇沼鬼城,http://seputu.com/biji1/38.html,怒海潜沙 第九章 鬼船
盗墓笔记4蛇沼鬼城,http://seputu.com/biji1/39.html,怒海潜沙 第十章 枯手
盗墓笔记4蛇沼鬼城,http://seputu.com/biji1/40.html,怒海潜沙 第十一章 甲板
盗墓笔记4蛇沼鬼城,http://seputu.com/biji1/41.html,怒海潜沙 第十二章 三叔的谎言
盗墓笔记4蛇沼鬼城,http://seputu.com/biji1/42.html,怒海潜沙 第十三章 海猴子
盗墓笔记4蛇沼鬼城,http://seputu.com/biji1/43.html,怒海潜沙 第十四章 永兴岛
盗墓笔记4蛇沼鬼城,http://seputu.com/biji1/44.html,怒海潜沙 第十五章 胖子
盗墓笔记4蛇沼鬼城,http://seputu.com/biji1/45.html,怒海潜沙 第十六章 开会
盗墓笔记4蛇沼鬼城,http://seputu.com/biji1/46.html,怒海潜沙 第十七章 头发
盗墓笔记4蛇沼鬼城,http://seputu.com/biji1/47.html,怒海潜沙 第十八章 大量头发
盗墓笔记4蛇沼鬼城,http://seputu.com/biji1/48.html,怒海潜沙 第十九章 大瓷罐
盗墓笔记4蛇沼鬼城,http://seputu.com/biji1/49.html,怒海潜沙 第二十章 甬道
盗墓笔记4蛇沼鬼城,http://seputu.com/biji1/50.html,怒海潜沙 第二十一章 箭
盗墓笔记4蛇沼鬼城,http://seputu.com/biji1/51.html,怒海潜沙 第二十二章 第一次解迷
盗墓笔记4蛇沼鬼城,http://seputu.com/biji1/52.html,怒海潜沙 第二十三章 继续解迷
盗墓笔记4蛇沼鬼城,http://seputu.com/biji1/53.html,怒海潜沙 第二十四章 开棺
盗墓笔记4蛇沼鬼城,http://seputu.com/biji1/54.html,怒海潜沙 第二十五章 一个人
盗墓笔记4蛇沼鬼城,http://seputu.com/biji1/55.html,怒海潜沙 第二十六章 瓷画
盗墓笔记4蛇沼鬼城,http://seputu.com/biji1/56.html,怒海潜沙 第二十七章 无题
盗墓笔记4蛇沼鬼城,http://seputu.com/biji1/57.html,怒海潜沙 第二十八章 继续无题
盗墓笔记4蛇沼鬼城,http://seputu.com/biji1/58.html,怒海潜沙 第二十九章 石碑
盗墓笔记4蛇沼鬼城,http://seputu.com/biji1/59.html,怒海潜沙 第三十章 池底
盗墓笔记4蛇沼鬼城,http://seputu.com/biji1/60.html,怒海潜沙 第三十一章 二十年前
盗墓笔记4蛇沼鬼城,http://seputu.com/biji1/61.html,怒海潜沙 第三十二章 奇门遁甲
盗墓笔记4蛇沼鬼城,http://seputu.com/biji1/62.html,怒海潜沙 第三十三章 生门
盗墓笔记4蛇沼鬼城,http://seputu.com/biji1/63.html,怒海潜沙 第三十四章 连环
盗墓笔记4蛇沼鬼城,http://seputu.com/biji1/64.html,怒海潜沙 第三十五章 血字
盗墓笔记4蛇沼鬼城,http://seputu.com/biji1/65.html,怒海潜沙 第三十六章 脱困
盗墓笔记4蛇沼鬼城,http://seputu.com/biji1/66.html,怒海潜沙 第三十七章 盗洞
盗墓笔记4蛇沼鬼城,http://seputu.com/biji1/67.html,怒海潜沙 第三十八章 禁婆
盗墓笔记4蛇沼鬼城,http://seputu.com/biji1/68.html,怒海潜沙 第三十九章 混战
盗墓笔记4蛇沼鬼城,http://seputu.com/biji1/69.html,怒海潜沙 第四十章 墙洞
盗墓笔记4蛇沼鬼城,http://seputu.com/biji1/70.html,怒海潜沙 第四十一章 珊瑚树
盗墓笔记4蛇沼鬼城,http://seputu.com/biji1/71.html,怒海潜沙 第四十二章 困境
盗墓笔记4蛇沼鬼城,http://seputu.com/biji1/72.html,怒海潜沙 第四十三章 炸弹
盗墓笔记4蛇沼鬼城,http://seputu.com/biji1/73.html,怒海潜沙 第四十四章 脱皮
盗墓笔记4蛇沼鬼城,http://seputu.com/biji1/74.html,怒海潜沙 第四十五章 脱出
盗墓笔记4蛇沼鬼城,http://seputu.com/biji1/75.html,怒海潜沙 第四十六章 总结
盗墓笔记5谜海归巢,http://seputu.com/biji1/1.html,七星鲁王 第一章 血尸
盗墓笔记5谜海归巢,http://seputu.com/biji1/2.html,七星鲁王 第二章 五十年后
盗墓笔记5谜海归巢,http://seputu.com/biji1/3.html,七星鲁王 第三章 瓜子庙
盗墓笔记5谜海归巢,http://seputu.com/biji1/4.html,七星鲁王 第四章 尸洞
盗墓笔记5谜海归巢,http://seputu.com/biji1/5.html,七星鲁王 第五章 水影
盗墓笔记5谜海归巢,http://seputu.com/biji1/6.html,七星鲁王 第六章 积尸地
盗墓笔记5谜海归巢,http://seputu.com/biji1/7.html,七星鲁王 第七章 一百多个人头
盗墓笔记5谜海归巢,http://seputu.com/biji1/8.html,七星鲁王 第八章 山谷
盗墓笔记5谜海归巢,http://seputu.com/biji1/9.html,七星鲁王 第九章 古墓
盗墓笔记5谜海归巢,http://seputu.com/biji1/10.html,七星鲁王 第十章 影子
盗墓笔记5谜海归巢,http://seputu.com/biji1/11.html,七星鲁王 第十一章 七星棺
盗墓笔记5谜海归巢,http://seputu.com/biji1/12.html,七星鲁王 第十二章 门
盗墓笔记5谜海归巢,http://seputu.com/biji1/13.html,七星鲁王 第十三章 02200059
盗墓笔记5谜海归巢,http://seputu.com/biji1/14.html,七星鲁王 第十四章 闷油瓶
盗墓笔记5谜海归巢,http://seputu.com/biji1/15.html,七星鲁王 第十五章 屁
盗墓笔记5谜海归巢,http://seputu.com/biji1/16.html,七星鲁王 第十六章 小手
盗墓笔记5谜海归巢,http://seputu.com/biji1/17.html,七星鲁王 第十七章 洞
盗墓笔记5谜海归巢,http://seputu.com/biji1/18.html,七星鲁王 第十八章 大树
盗墓笔记5谜海归巢,http://seputu.com/biji1/19.html,七星鲁王 第十九章 女尸
盗墓笔记5谜海归巢,http://seputu.com/biji1/20.html,七星鲁王 第二十章 钥匙
盗墓笔记5谜海归巢,http://seputu.com/biji1/21.html,七星鲁王 第二十一章 青眼狐尸
盗墓笔记5谜海归巢,http://seputu.com/biji1/22.html,七星鲁王 第二十二章 八重宝函
盗墓笔记5谜海归巢,http://seputu.com/biji1/23.html,七星鲁王 第二十三章 棺椁
盗墓笔记5谜海归巢,http://seputu.com/biji1/24.html,七星鲁王 第二十四章 活尸
盗墓笔记5谜海归巢,http://seputu.com/biji1/25.html,七星鲁王 第二十五章 玉俑
盗墓笔记5谜海归巢,http://seputu.com/biji1/26.html,七星鲁王 第二十六章 紫玉匣子
盗墓笔记5谜海归巢,http://seputu.com/biji1/27.html,七星鲁王 第二十七章 谎言
盗墓笔记5谜海归巢,http://seputu.com/biji1/28.html,七星鲁王 第二十八章 火
盗墓笔记5谜海归巢,http://seputu.com/biji1/29.html,七星鲁王 第二十九章 紫金匣
盗墓笔记5谜海归巢,http://seputu.com/biji1/30.html,怒海潜沙 第一章 蛇眉铜鱼
盗墓笔记5谜海归巢,http://seputu.com/biji1/31.html,怒海潜沙 第二章 双层墓墙
盗墓笔记5谜海归巢,http://seputu.com/biji1/32.html,怒海潜沙 第三章 大风暴
盗墓笔记5谜海归巢,http://seputu.com/biji1/33.html,怒海潜沙 第四章 海鬼
盗墓笔记5谜海归巢,http://seputu.com/biji1/34.html,怒海潜沙 第五章 老照片
盗墓笔记5谜海归巢,http://seputu.com/biji1/35.html,怒海潜沙 第六章 海南
盗墓笔记5谜海归巢,http://seputu.com/biji1/36.html,怒海潜沙 第七章 女人
盗墓笔记5谜海归巢,http://seputu.com/biji1/37.html,怒海潜沙 第八章 变天了
盗墓笔记5谜海归巢,http://seputu.com/biji1/38.html,怒海潜沙 第九章 鬼船
盗墓笔记5谜海归巢,http://seputu.com/biji1/39.html,怒海潜沙 第十章 枯手
盗墓笔记5谜海归巢,http://seputu.com/biji1/40.html,怒海潜沙 第十一章 甲板
盗墓笔记5谜海归巢,http://seputu.com/biji1/41.html,怒海潜沙 第十二章 三叔的谎言
盗墓笔记5谜海归巢,http://seputu.com/biji1/42.html,怒海潜沙 第十三章 海猴子
盗墓笔记5谜海归巢,http://seputu.com/biji1/43.html,怒海潜沙 第十四章 永兴岛
盗墓笔记5谜海归巢,http://seputu.com/biji1/44.html,怒海潜沙 第十五章 胖子
盗墓笔记5谜海归巢,http://seputu.com/biji1/45.html,怒海潜沙 第十六章 开会
盗墓笔记5谜海归巢,http://seputu.com/biji1/46.html,怒海潜沙 第十七章 头发
盗墓笔记5谜海归巢,http://seputu.com/biji1/47.html,怒海潜沙 第十八章 大量头发
盗墓笔记5谜海归巢,http://seputu.com/biji1/48.html,怒海潜沙 第十九章 大瓷罐
盗墓笔记5谜海归巢,http://seputu.com/biji1/49.html,怒海潜沙 第二十章 甬道
盗墓笔记5谜海归巢,http://seputu.com/biji1/50.html,怒海潜沙 第二十一章 箭
盗墓笔记5谜海归巢,http://seputu.com/biji1/51.html,怒海潜沙 第二十二章 第一次解迷
盗墓笔记5谜海归巢,http://seputu.com/biji1/52.html,怒海潜沙 第二十三章 继续解迷
盗墓笔记5谜海归巢,http://seputu.com/biji1/53.html,怒海潜沙 第二十四章 开棺
盗墓笔记5谜海归巢,http://seputu.com/biji1/54.html,怒海潜沙 第二十五章 一个人
盗墓笔记5谜海归巢,http://seputu.com/biji1/55.html,怒海潜沙 第二十六章 瓷画
盗墓笔记5谜海归巢,http://seputu.com/biji1/56.html,怒海潜沙 第二十七章 无题
盗墓笔记5谜海归巢,http://seputu.com/biji1/57.html,怒海潜沙 第二十八章 继续无题
盗墓笔记5谜海归巢,http://seputu.com/biji1/58.html,怒海潜沙 第二十九章 石碑
盗墓笔记5谜海归巢,http://seputu.com/biji1/59.html,怒海潜沙 第三十章 池底
盗墓笔记5谜海归巢,http://seputu.com/biji1/60.html,怒海潜沙 第三十一章 二十年前
盗墓笔记5谜海归巢,http://seputu.com/biji1/61.html,怒海潜沙 第三十二章 奇门遁甲
盗墓笔记5谜海归巢,http://seputu.com/biji1/62.html,怒海潜沙 第三十三章 生门
盗墓笔记5谜海归巢,http://seputu.com/biji1/63.html,怒海潜沙 第三十四章 连环
盗墓笔记5谜海归巢,http://seputu.com/biji1/64.html,怒海潜沙 第三十五章 血字
盗墓笔记5谜海归巢,http://seputu.com/biji1/65.html,怒海潜沙 第三十六章 脱困
盗墓笔记5谜海归巢,http://seputu.com/biji1/66.html,怒海潜沙 第三十七章 盗洞
盗墓笔记5谜海归巢,http://seputu.com/biji1/67.html,怒海潜沙 第三十八章 禁婆
盗墓笔记5谜海归巢,http://seputu.com/biji1/68.html,怒海潜沙 第三十九章 混战
盗墓笔记5谜海归巢,http://seputu.com/biji1/69.html,怒海潜沙 第四十章 墙洞
盗墓笔记5谜海归巢,http://seputu.com/biji1/70.html,怒海潜沙 第四十一章 珊瑚树
盗墓笔记5谜海归巢,http://seputu.com/biji1/71.html,怒海潜沙 第四十二章 困境
盗墓笔记5谜海归巢,http://seputu.com/biji1/72.html,怒海潜沙 第四十三章 炸弹
盗墓笔记5谜海归巢,http://seputu.com/biji1/73.html,怒海潜沙 第四十四章 脱皮
盗墓笔记5谜海归巢,http://seputu.com/biji1/74.html,怒海潜沙 第四十五章 脱出
盗墓笔记5谜海归巢,http://seputu.com/biji1/75.html,怒海潜沙 第四十六章 总结
盗墓笔记6阴山古楼,http://seputu.com/biji1/1.html,七星鲁王 第一章 血尸
盗墓笔记6阴山古楼,http://seputu.com/biji1/2.html,七星鲁王 第二章 五十年后
盗墓笔记6阴山古楼,http://seputu.com/biji1/3.html,七星鲁王 第三章 瓜子庙
盗墓笔记6阴山古楼,http://seputu.com/biji1/4.html,七星鲁王 第四章 尸洞
盗墓笔记6阴山古楼,http://seputu.com/biji1/5.html,七星鲁王 第五章 水影
盗墓笔记6阴山古楼,http://seputu.com/biji1/6.html,七星鲁王 第六章 积尸地
盗墓笔记6阴山古楼,http://seputu.com/biji1/7.html,七星鲁王 第七章 一百多个人头
盗墓笔记6阴山古楼,http://seputu.com/biji1/8.html,七星鲁王 第八章 山谷
盗墓笔记6阴山古楼,http://seputu.com/biji1/9.html,七星鲁王 第九章 古墓
盗墓笔记6阴山古楼,http://seputu.com/biji1/10.html,七星鲁王 第十章 影子
盗墓笔记6阴山古楼,http://seputu.com/biji1/11.html,七星鲁王 第十一章 七星棺
盗墓笔记6阴山古楼,http://seputu.com/biji1/12.html,七星鲁王 第十二章 门
盗墓笔记6阴山古楼,http://seputu.com/biji1/13.html,七星鲁王 第十三章 02200059
盗墓笔记6阴山古楼,http://seputu.com/biji1/14.html,七星鲁王 第十四章 闷油瓶
盗墓笔记6阴山古楼,http://seputu.com/biji1/15.html,七星鲁王 第十五章 屁
盗墓笔记6阴山古楼,http://seputu.com/biji1/16.html,七星鲁王 第十六章 小手
盗墓笔记6阴山古楼,http://seputu.com/biji1/17.html,七星鲁王 第十七章 洞
盗墓笔记6阴山古楼,http://seputu.com/biji1/18.html,七星鲁王 第十八章 大树
盗墓笔记6阴山古楼,http://seputu.com/biji1/19.html,七星鲁王 第十九章 女尸
盗墓笔记6阴山古楼,http://seputu.com/biji1/20.html,七星鲁王 第二十章 钥匙
盗墓笔记6阴山古楼,http://seputu.com/biji1/21.html,七星鲁王 第二十一章 青眼狐尸
盗墓笔记6阴山古楼,http://seputu.com/biji1/22.html,七星鲁王 第二十二章 八重宝函
盗墓笔记6阴山古楼,http://seputu.com/biji1/23.html,七星鲁王 第二十三章 棺椁
盗墓笔记6阴山古楼,http://seputu.com/biji1/24.html,七星鲁王 第二十四章 活尸
盗墓笔记6阴山古楼,http://seputu.com/biji1/25.html,七星鲁王 第二十五章 玉俑
盗墓笔记6阴山古楼,http://seputu.com/biji1/26.html,七星鲁王 第二十六章 紫玉匣子
盗墓笔记6阴山古楼,http://seputu.com/biji1/27.html,七星鲁王 第二十七章 谎言
盗墓笔记6阴山古楼,http://seputu.com/biji1/28.html,七星鲁王 第二十八章 火
盗墓笔记6阴山古楼,http://seputu.com/biji1/29.html,七星鲁王 第二十九章 紫金匣
盗墓笔记6阴山古楼,http://seputu.com/biji1/30.html,怒海潜沙 第一章 蛇眉铜鱼
盗墓笔记6阴山古楼,http://seputu.com/biji1/31.html,怒海潜沙 第二章 双层墓墙
盗墓笔记6阴山古楼,http://seputu.com/biji1/32.html,怒海潜沙 第三章 大风暴
盗墓笔记6阴山古楼,http://seputu.com/biji1/33.html,怒海潜沙 第四章 海鬼
盗墓笔记6阴山古楼,http://seputu.com/biji1/34.html,怒海潜沙 第五章 老照片
盗墓笔记6阴山古楼,http://seputu.com/biji1/35.html,怒海潜沙 第六章 海南
盗墓笔记6阴山古楼,http://seputu.com/biji1/36.html,怒海潜沙 第七章 女人
盗墓笔记6阴山古楼,http://seputu.com/biji1/37.html,怒海潜沙 第八章 变天了
盗墓笔记6阴山古楼,http://seputu.com/biji1/38.html,怒海潜沙 第九章 鬼船
盗墓笔记6阴山古楼,http://seputu.com/biji1/39.html,怒海潜沙 第十章 枯手
盗墓笔记6阴山古楼,http://seputu.com/biji1/40.html,怒海潜沙 第十一章 甲板
盗墓笔记6阴山古楼,http://seputu.com/biji1/41.html,怒海潜沙 第十二章 三叔的谎言
盗墓笔记6阴山古楼,http://seputu.com/biji1/42.html,怒海潜沙 第十三章 海猴子
盗墓笔记6阴山古楼,http://seputu.com/biji1/43.html,怒海潜沙 第十四章 永兴岛
盗墓笔记6阴山古楼,http://seputu.com/biji1/44.html,怒海潜沙 第十五章 胖子
盗墓笔记6阴山古楼,http://seputu.com/biji1/45.html,怒海潜沙 第十六章 开会
盗墓笔记6阴山古楼,http://seputu.com/biji1/46.html,怒海潜沙 第十七章 头发
盗墓笔记6阴山古楼,http://seputu.com/biji1/47.html,怒海潜沙 第十八章 大量头发
盗墓笔记6阴山古楼,http://seputu.com/biji1/48.html,怒海潜沙 第十九章 大瓷罐
盗墓笔记6阴山古楼,http://seputu.com/biji1/49.html,怒海潜沙 第二十章 甬道
盗墓笔记6阴山古楼,http://seputu.com/biji1/50.html,怒海潜沙 第二十一章 箭
盗墓笔记6阴山古楼,http://seputu.com/biji1/51.html,怒海潜沙 第二十二章 第一次解迷
盗墓笔记6阴山古楼,http://seputu.com/biji1/52.html,怒海潜沙 第二十三章 继续解迷
盗墓笔记6阴山古楼,http://seputu.com/biji1/53.html,怒海潜沙 第二十四章 开棺
盗墓笔记6阴山古楼,http://seputu.com/biji1/54.html,怒海潜沙 第二十五章 一个人
盗墓笔记6阴山古楼,http://seputu.com/biji1/55.html,怒海潜沙 第二十六章 瓷画
盗墓笔记6阴山古楼,http://seputu.com/biji1/56.html,怒海潜沙 第二十七章 无题
盗墓笔记6阴山古楼,http://seputu.com/biji1/57.html,怒海潜沙 第二十八章 继续无题
盗墓笔记6阴山古楼,http://seputu.com/biji1/58.html,怒海潜沙 第二十九章 石碑
盗墓笔记6阴山古楼,http://seputu.com/biji1/59.html,怒海潜沙 第三十章 池底
盗墓笔记6阴山古楼,http://seputu.com/biji1/60.html,怒海潜沙 第三十一章 二十年前
盗墓笔记6阴山古楼,http://seputu.com/biji1/61.html,怒海潜沙 第三十二章 奇门遁甲
盗墓笔记6阴山古楼,http://seputu.com/biji1/62.html,怒海潜沙 第三十三章 生门
盗墓笔记6阴山古楼,http://seputu.com/biji1/63.html,怒海潜沙 第三十四章 连环
盗墓笔记6阴山古楼,http://seputu.com/biji1/64.html,怒海潜沙 第三十五章 血字
盗墓笔记6阴山古楼,http://seputu.com/biji1/65.html,怒海潜沙 第三十六章 脱困
盗墓笔记6阴山古楼,http://seputu.com/biji1/66.html,怒海潜沙 第三十七章 盗洞
盗墓笔记6阴山古楼,http://seputu.com/biji1/67.html,怒海潜沙 第三十八章 禁婆
盗墓笔记6阴山古楼,http://seputu.com/biji1/68.html,怒海潜沙 第三十九章 混战
盗墓笔记6阴山古楼,http://seputu.com/biji1/69.html,怒海潜沙 第四十章 墙洞
盗墓笔记6阴山古楼,http://seputu.com/biji1/70.html,怒海潜沙 第四十一章 珊瑚树
盗墓笔记6阴山古楼,http://seputu.com/biji1/71.html,怒海潜沙 第四十二章 困境
盗墓笔记6阴山古楼,http://seputu.com/biji1/72.html,怒海潜沙 第四十三章 炸弹
盗墓笔记6阴山古楼,http://seputu.com/biji1/73.html,怒海潜沙 第四十四章 脱皮
盗墓笔记6阴山古楼,http://seputu.com/biji1/74.html,怒海潜沙 第四十五章 脱出
盗墓笔记6阴山古楼,http://seputu.com/biji1/75.html,怒海潜沙 第四十六章 总结
盗墓笔记7邛笼石影,http://seputu.com/biji1/1.html,七星鲁王 第一章 血尸
盗墓笔记7邛笼石影,http://seputu.com/biji1/2.html,七星鲁王 第二章 五十年后
盗墓笔记7邛笼石影,http://seputu.com/biji1/3.html,七星鲁王 第三章 瓜子庙
盗墓笔记7邛笼石影,http://seputu.com/biji1/4.html,七星鲁王 第四章 尸洞
盗墓笔记7邛笼石影,http://seputu.com/biji1/5.html,七星鲁王 第五章 水影
盗墓笔记7邛笼石影,http://seputu.com/biji1/6.html,七星鲁王 第六章 积尸地
盗墓笔记7邛笼石影,http://seputu.com/biji1/7.html,七星鲁王 第七章 一百多个人头
盗墓笔记7邛笼石影,http://seputu.com/biji1/8.html,七星鲁王 第八章 山谷
盗墓笔记7邛笼石影,http://seputu.com/biji1/9.html,七星鲁王 第九章 古墓
盗墓笔记7邛笼石影,http://seputu.com/biji1/10.html,七星鲁王 第十章 影子
盗墓笔记7邛笼石影,http://seputu.com/biji1/11.html,七星鲁王 第十一章 七星棺
盗墓笔记7邛笼石影,http://seputu.com/biji1/12.html,七星鲁王 第十二章 门
盗墓笔记7邛笼石影,http://seputu.com/biji1/13.html,七星鲁王 第十三章 02200059
盗墓笔记7邛笼石影,http://seputu.com/biji1/14.html,七星鲁王 第十四章 闷油瓶
盗墓笔记7邛笼石影,http://seputu.com/biji1/15.html,七星鲁王 第十五章 屁
盗墓笔记7邛笼石影,http://seputu.com/biji1/16.html,七星鲁王 第十六章 小手
盗墓笔记7邛笼石影,http://seputu.com/biji1/17.html,七星鲁王 第十七章 洞
盗墓笔记7邛笼石影,http://seputu.com/biji1/18.html,七星鲁王 第十八章 大树
盗墓笔记7邛笼石影,http://seputu.com/biji1/19.html,七星鲁王 第十九章 女尸
盗墓笔记7邛笼石影,http://seputu.com/biji1/20.html,七星鲁王 第二十章 钥匙
盗墓笔记7邛笼石影,http://seputu.com/biji1/21.html,七星鲁王 第二十一章 青眼狐尸
盗墓笔记7邛笼石影,http://seputu.com/biji1/22.html,七星鲁王 第二十二章 八重宝函
盗墓笔记7邛笼石影,http://seputu.com/biji1/23.html,七星鲁王 第二十三章 棺椁
盗墓笔记7邛笼石影,http://seputu.com/biji1/24.html,七星鲁王 第二十四章 活尸
盗墓笔记7邛笼石影,http://seputu.com/biji1/25.html,七星鲁王 第二十五章 玉俑
盗墓笔记7邛笼石影,http://seputu.com/biji1/26.html,七星鲁王 第二十六章 紫玉匣子
盗墓笔记7邛笼石影,http://seputu.com/biji1/27.html,七星鲁王 第二十七章 谎言
盗墓笔记7邛笼石影,http://seputu.com/biji1/28.html,七星鲁王 第二十八章 火
盗墓笔记7邛笼石影,http://seputu.com/biji1/29.html,七星鲁王 第二十九章 紫金匣
盗墓笔记7邛笼石影,http://seputu.com/biji1/30.html,怒海潜沙 第一章 蛇眉铜鱼
盗墓笔记7邛笼石影,http://seputu.com/biji1/31.html,怒海潜沙 第二章 双层墓墙
盗墓笔记7邛笼石影,http://seputu.com/biji1/32.html,怒海潜沙 第三章 大风暴
盗墓笔记7邛笼石影,http://seputu.com/biji1/33.html,怒海潜沙 第四章 海鬼
盗墓笔记7邛笼石影,http://seputu.com/biji1/34.html,怒海潜沙 第五章 老照片
盗墓笔记7邛笼石影,http://seputu.com/biji1/35.html,怒海潜沙 第六章 海南
盗墓笔记7邛笼石影,http://seputu.com/biji1/36.html,怒海潜沙 第七章 女人
盗墓笔记7邛笼石影,http://seputu.com/biji1/37.html,怒海潜沙 第八章 变天了
盗墓笔记7邛笼石影,http://seputu.com/biji1/38.html,怒海潜沙 第九章 鬼船
盗墓笔记7邛笼石影,http://seputu.com/biji1/39.html,怒海潜沙 第十章 枯手
盗墓笔记7邛笼石影,http://seputu.com/biji1/40.html,怒海潜沙 第十一章 甲板
盗墓笔记7邛笼石影,http://seputu.com/biji1/41.html,怒海潜沙 第十二章 三叔的谎言
盗墓笔记7邛笼石影,http://seputu.com/biji1/42.html,怒海潜沙 第十三章 海猴子
盗墓笔记7邛笼石影,http://seputu.com/biji1/43.html,怒海潜沙 第十四章 永兴岛
盗墓笔记7邛笼石影,http://seputu.com/biji1/44.html,怒海潜沙 第十五章 胖子
盗墓笔记7邛笼石影,http://seputu.com/biji1/45.html,怒海潜沙 第十六章 开会
盗墓笔记7邛笼石影,http://seputu.com/biji1/46.html,怒海潜沙 第十七章 头发
盗墓笔记7邛笼石影,http://seputu.com/biji1/47.html,怒海潜沙 第十八章 大量头发
盗墓笔记7邛笼石影,http://seputu.com/biji1/48.html,怒海潜沙 第十九章 大瓷罐
盗墓笔记7邛笼石影,http://seputu.com/biji1/49.html,怒海潜沙 第二十章 甬道
盗墓笔记7邛笼石影,http://seputu.com/biji1/50.html,怒海潜沙 第二十一章 箭
盗墓笔记7邛笼石影,http://seputu.com/biji1/51.html,怒海潜沙 第二十二章 第一次解迷
盗墓笔记7邛笼石影,http://seputu.com/biji1/52.html,怒海潜沙 第二十三章 继续解迷
盗墓笔记7邛笼石影,http://seputu.com/biji1/53.html,怒海潜沙 第二十四章 开棺
盗墓笔记7邛笼石影,http://seputu.com/biji1/54.html,怒海潜沙 第二十五章 一个人
盗墓笔记7邛笼石影,http://seputu.com/biji1/55.html,怒海潜沙 第二十六章 瓷画
盗墓笔记7邛笼石影,http://seputu.com/biji1/56.html,怒海潜沙 第二十七章 无题
盗墓笔记7邛笼石影,http://seputu.com/biji1/57.html,怒海潜沙 第二十八章 继续无题
盗墓笔记7邛笼石影,http://seputu.com/biji1/58.html,怒海潜沙 第二十九章 石碑
盗墓笔记7邛笼石影,http://seputu.com/biji1/59.html,怒海潜沙 第三十章 池底
盗墓笔记7邛笼石影,http://seputu.com/biji1/60.html,怒海潜沙 第三十一章 二十年前
盗墓笔记7邛笼石影,http://seputu.com/biji1/61.html,怒海潜沙 第三十二章 奇门遁甲
盗墓笔记7邛笼石影,http://seputu.com/biji1/62.html,怒海潜沙 第三十三章 生门
盗墓笔记7邛笼石影,http://seputu.com/biji1/63.html,怒海潜沙 第三十四章 连环
盗墓笔记7邛笼石影,http://seputu.com/biji1/64.html,怒海潜沙 第三十五章 血字
盗墓笔记7邛笼石影,http://seputu.com/biji1/65.html,怒海潜沙 第三十六章 脱困
盗墓笔记7邛笼石影,http://seputu.com/biji1/66.html,怒海潜沙 第三十七章 盗洞
盗墓笔记7邛笼石影,http://seputu.com/biji1/67.html,怒海潜沙 第三十八章 禁婆
盗墓笔记7邛笼石影,http://seputu.com/biji1/68.html,怒海潜沙 第三十九章 混战
盗墓笔记7邛笼石影,http://seputu.com/biji1/69.html,怒海潜沙 第四十章 墙洞
盗墓笔记7邛笼石影,http://seputu.com/biji1/70.html,怒海潜沙 第四十一章 珊瑚树
盗墓笔记7邛笼石影,http://seputu.com/biji1/71.html,怒海潜沙 第四十二章 困境
盗墓笔记7邛笼石影,http://seputu.com/biji1/72.html,怒海潜沙 第四十三章 炸弹
盗墓笔记7邛笼石影,http://seputu.com/biji1/73.html,怒海潜沙 第四十四章 脱皮
盗墓笔记7邛笼石影,http://seputu.com/biji1/74.html,怒海潜沙 第四十五章 脱出
盗墓笔记7邛笼石影,http://seputu.com/biji1/75.html,怒海潜沙 第四十六章 总结
盗墓笔记8大结局,http://seputu.com/biji1/1.html,七星鲁王 第一章 血尸
盗墓笔记8大结局,http://seputu.com/biji1/2.html,七星鲁王 第二章 五十年后
盗墓笔记8大结局,http://seputu.com/biji1/3.html,七星鲁王 第三章 瓜子庙
盗墓笔记8大结局,http://seputu.com/biji1/4.html,七星鲁王 第四章 尸洞
盗墓笔记8大结局,http://seputu.com/biji1/5.html,七星鲁王 第五章 水影
盗墓笔记8大结局,http://seputu.com/biji1/6.html,七星鲁王 第六章 积尸地
盗墓笔记8大结局,http://seputu.com/biji1/7.html,七星鲁王 第七章 一百多个人头
盗墓笔记8大结局,http://seputu.com/biji1/8.html,七星鲁王 第八章 山谷
盗墓笔记8大结局,http://seputu.com/biji1/9.html,七星鲁王 第九章 古墓
盗墓笔记8大结局,http://seputu.com/biji1/10.html,七星鲁王 第十章 影子
盗墓笔记8大结局,http://seputu.com/biji1/11.html,七星鲁王 第十一章 七星棺
盗墓笔记8大结局,http://seputu.com/biji1/12.html,七星鲁王 第十二章 门
盗墓笔记8大结局,http://seputu.com/biji1/13.html,七星鲁王 第十三章 02200059
盗墓笔记8大结局,http://seputu.com/biji1/14.html,七星鲁王 第十四章 闷油瓶
盗墓笔记8大结局,http://seputu.com/biji1/15.html,七星鲁王 第十五章 屁
盗墓笔记8大结局,http://seputu.com/biji1/16.html,七星鲁王 第十六章 小手
盗墓笔记8大结局,http://seputu.com/biji1/17.html,七星鲁王 第十七章 洞
盗墓笔记8大结局,http://seputu.com/biji1/18.html,七星鲁王 第十八章 大树
盗墓笔记8大结局,http://seputu.com/biji1/19.html,七星鲁王 第十九章 女尸
盗墓笔记8大结局,http://seputu.com/biji1/20.html,七星鲁王 第二十章 钥匙
盗墓笔记8大结局,http://seputu.com/biji1/21.html,七星鲁王 第二十一章 青眼狐尸
盗墓笔记8大结局,http://seputu.com/biji1/22.html,七星鲁王 第二十二章 八重宝函
盗墓笔记8大结局,http://seputu.com/biji1/23.html,七星鲁王 第二十三章 棺椁
盗墓笔记8大结局,http://seputu.com/biji1/24.html,七星鲁王 第二十四章 活尸
盗墓笔记8大结局,http://seputu.com/biji1/25.html,七星鲁王 第二十五章 玉俑
盗墓笔记8大结局,http://seputu.com/biji1/26.html,七星鲁王 第二十六章 紫玉匣子
盗墓笔记8大结局,http://seputu.com/biji1/27.html,七星鲁王 第二十七章 谎言
盗墓笔记8大结局,http://seputu.com/biji1/28.html,七星鲁王 第二十八章 火
盗墓笔记8大结局,http://seputu.com/biji1/29.html,七星鲁王 第二十九章 紫金匣
盗墓笔记8大结局,http://seputu.com/biji1/30.html,怒海潜沙 第一章 蛇眉铜鱼
盗墓笔记8大结局,http://seputu.com/biji1/31.html,怒海潜沙 第二章 双层墓墙
盗墓笔记8大结局,http://seputu.com/biji1/32.html,怒海潜沙 第三章 大风暴
盗墓笔记8大结局,http://seputu.com/biji1/33.html,怒海潜沙 第四章 海鬼
盗墓笔记8大结局,http://seputu.com/biji1/34.html,怒海潜沙 第五章 老照片
盗墓笔记8大结局,http://seputu.com/biji1/35.html,怒海潜沙 第六章 海南
盗墓笔记8大结局,http://seputu.com/biji1/36.html,怒海潜沙 第七章 女人
盗墓笔记8大结局,http://seputu.com/biji1/37.html,怒海潜沙 第八章 变天了
盗墓笔记8大结局,http://seputu.com/biji1/38.html,怒海潜沙 第九章 鬼船
盗墓笔记8大结局,http://seputu.com/biji1/39.html,怒海潜沙 第十章 枯手
盗墓笔记8大结局,http://seputu.com/biji1/40.html,怒海潜沙 第十一章 甲板
盗墓笔记8大结局,http://seputu.com/biji1/41.html,怒海潜沙 第十二章 三叔的谎言
盗墓笔记8大结局,http://seputu.com/biji1/42.html,怒海潜沙 第十三章 海猴子
盗墓笔记8大结局,http://seputu.com/biji1/43.html,怒海潜沙 第十四章 永兴岛
盗墓笔记8大结局,http://seputu.com/biji1/44.html,怒海潜沙 第十五章 胖子
盗墓笔记8大结局,http://seputu.com/biji1/45.html,怒海潜沙 第十六章 开会
盗墓笔记8大结局,http://seputu.com/biji1/46.html,怒海潜沙 第十七章 头发
盗墓笔记8大结局,http://seputu.com/biji1/47.html,怒海潜沙 第十八章 大量头发
盗墓笔记8大结局,http://seputu.com/biji1/48.html,怒海潜沙 第十九章 大瓷罐
盗墓笔记8大结局,http://seputu.com/biji1/49.html,怒海潜沙 第二十章 甬道
盗墓笔记8大结局,http://seputu.com/biji1/50.html,怒海潜沙 第二十一章 箭
盗墓笔记8大结局,http://seputu.com/biji1/51.html,怒海潜沙 第二十二章 第一次解迷
盗墓笔记8大结局,http://seputu.com/biji1/52.html,怒海潜沙 第二十三章 继续解迷
盗墓笔记8大结局,http://seputu.com/biji1/53.html,怒海潜沙 第二十四章 开棺
盗墓笔记8大结局,http://seputu.com/biji1/54.html,怒海潜沙 第二十五章 一个人
盗墓笔记8大结局,http://seputu.com/biji1/55.html,怒海潜沙 第二十六章 瓷画
盗墓笔记8大结局,http://seputu.com/biji1/56.html,怒海潜沙 第二十七章 无题
盗墓笔记8大结局,http://seputu.com/biji1/57.html,怒海潜沙 第二十八章 继续无题
盗墓笔记8大结局,http://seputu.com/biji1/58.html,怒海潜沙 第二十九章 石碑
盗墓笔记8大结局,http://seputu.com/biji1/59.html,怒海潜沙 第三十章 池底
盗墓笔记8大结局,http://seputu.com/biji1/60.html,怒海潜沙 第三十一章 二十年前
盗墓笔记8大结局,http://seputu.com/biji1/61.html,怒海潜沙 第三十二章 奇门遁甲
盗墓笔记8大结局,http://seputu.com/biji1/62.html,怒海潜沙 第三十三章 生门
盗墓笔记8大结局,http://seputu.com/biji1/63.html,怒海潜沙 第三十四章 连环
盗墓笔记8大结局,http://seputu.com/biji1/64.html,怒海潜沙 第三十五章 血字
盗墓笔记8大结局,http://seputu.com/biji1/65.html,怒海潜沙 第三十六章 脱困
盗墓笔记8大结局,http://seputu.com/biji1/66.html,怒海潜沙 第三十七章 盗洞
盗墓笔记8大结局,http://seputu.com/biji1/67.html,怒海潜沙 第三十八章 禁婆
盗墓笔记8大结局,http://seputu.com/biji1/68.html,怒海潜沙 第三十九章 混战
盗墓笔记8大结局,http://seputu.com/biji1/69.html,怒海潜沙 第四十章 墙洞
盗墓笔记8大结局,http://seputu.com/biji1/70.html,怒海潜沙 第四十一章 珊瑚树
盗墓笔记8大结局,http://seputu.com/biji1/71.html,怒海潜沙 第四十二章 困境
盗墓笔记8大结局,http://seputu.com/biji1/72.html,怒海潜沙 第四十三章 炸弹
盗墓笔记8大结局,http://seputu.com/biji1/73.html,怒海潜沙 第四十四章 脱皮
盗墓笔记8大结局,http://seputu.com/biji1/74.html,怒海潜沙 第四十五章 脱出
盗墓笔记8大结局,http://seputu.com/biji1/75.html,怒海潜沙 第四十六章 总结
藏海花在线试读,http://seputu.com/biji1/1.html,七星鲁王 第一章 血尸
藏海花在线试读,http://seputu.com/biji1/2.html,七星鲁王 第二章 五十年后
藏海花在线试读,http://seputu.com/biji1/3.html,七星鲁王 第三章 瓜子庙
藏海花在线试读,http://seputu.com/biji1/4.html,七星鲁王 第四章 尸洞
藏海花在线试读,http://seputu.com/biji1/5.html,七星鲁王 第五章 水影
藏海花在线试读,http://seputu.com/biji1/6.html,七星鲁王 第六章 积尸地
藏海花在线试读,http://seputu.com/biji1/7.html,七星鲁王 第七章 一百多个人头
藏海花在线试读,http://seputu.com/biji1/8.html,七星鲁王 第八章 山谷
藏海花在线试读,http://seputu.com/biji1/9.html,七星鲁王 第九章 古墓
藏海花在线试读,http://seputu.com/biji1/10.html,七星鲁王 第十章 影子
藏海花在线试读,http://seputu.com/biji1/11.html,七星鲁王 第十一章 七星棺
藏海花在线试读,http://seputu.com/biji1/12.html,七星鲁王 第十二章 门
藏海花在线试读,http://seputu.com/biji1/13.html,七星鲁王 第十三章 02200059
藏海花在线试读,http://seputu.com/biji1/14.html,七星鲁王 第十四章 闷油瓶
藏海花在线试读,http://seputu.com/biji1/15.html,七星鲁王 第十五章 屁
藏海花在线试读,http://seputu.com/biji1/16.html,七星鲁王 第十六章 小手
藏海花在线试读,http://seputu.com/biji1/17.html,七星鲁王 第十七章 洞
藏海花在线试读,http://seputu.com/biji1/18.html,七星鲁王 第十八章 大树
藏海花在线试读,http://seputu.com/biji1/19.html,七星鲁王 第十九章 女尸
藏海花在线试读,http://seputu.com/biji1/20.html,七星鲁王 第二十章 钥匙
藏海花在线试读,http://seputu.com/biji1/21.html,七星鲁王 第二十一章 青眼狐尸
藏海花在线试读,http://seputu.com/biji1/22.html,七星鲁王 第二十二章 八重宝函
藏海花在线试读,http://seputu.com/biji1/23.html,七星鲁王 第二十三章 棺椁
藏海花在线试读,http://seputu.com/biji1/24.html,七星鲁王 第二十四章 活尸
藏海花在线试读,http://seputu.com/biji1/25.html,七星鲁王 第二十五章 玉俑
藏海花在线试读,http://seputu.com/biji1/26.html,七星鲁王 第二十六章 紫玉匣子
藏海花在线试读,http://seputu.com/biji1/27.html,七星鲁王 第二十七章 谎言
藏海花在线试读,http://seputu.com/biji1/28.html,七星鲁王 第二十八章 火
藏海花在线试读,http://seputu.com/biji1/29.html,七星鲁王 第二十九章 紫金匣
藏海花在线试读,http://seputu.com/biji1/30.html,怒海潜沙 第一章 蛇眉铜鱼
藏海花在线试读,http://seputu.com/biji1/31.html,怒海潜沙 第二章 双层墓墙
藏海花在线试读,http://seputu.com/biji1/32.html,怒海潜沙 第三章 大风暴
藏海花在线试读,http://seputu.com/biji1/33.html,怒海潜沙 第四章 海鬼
藏海花在线试读,http://seputu.com/biji1/34.html,怒海潜沙 第五章 老照片
藏海花在线试读,http://seputu.com/biji1/35.html,怒海潜沙 第六章 海南
藏海花在线试读,http://seputu.com/biji1/36.html,怒海潜沙 第七章 女人
藏海花在线试读,http://seputu.com/biji1/37.html,怒海潜沙 第八章 变天了
藏海花在线试读,http://seputu.com/biji1/38.html,怒海潜沙 第九章 鬼船
藏海花在线试读,http://seputu.com/biji1/39.html,怒海潜沙 第十章 枯手
藏海花在线试读,http://seputu.com/biji1/40.html,怒海潜沙 第十一章 甲板
藏海花在线试读,http://seputu.com/biji1/41.html,怒海潜沙 第十二章 三叔的谎言
藏海花在线试读,http://seputu.com/biji1/42.html,怒海潜沙 第十三章 海猴子
藏海花在线试读,http://seputu.com/biji1/43.html,怒海潜沙 第十四章 永兴岛
藏海花在线试读,http://seputu.com/biji1/44.html,怒海潜沙 第十五章 胖子
藏海花在线试读,http://seputu.com/biji1/45.html,怒海潜沙 第十六章 开会
藏海花在线试读,http://seputu.com/biji1/46.html,怒海潜沙 第十七章 头发
藏海花在线试读,http://seputu.com/biji1/47.html,怒海潜沙 第十八章 大量头发
藏海花在线试读,http://seputu.com/biji1/48.html,怒海潜沙 第十九章 大瓷罐
藏海花在线试读,http://seputu.com/biji1/49.html,怒海潜沙 第二十章 甬道
藏海花在线试读,http://seputu.com/biji1/50.html,怒海潜沙 第二十一章 箭
藏海花在线试读,http://seputu.com/biji1/51.html,怒海潜沙 第二十二章 第一次解迷
藏海花在线试读,http://seputu.com/biji1/52.html,怒海潜沙 第二十三章 继续解迷
藏海花在线试读,http://seputu.com/biji1/53.html,怒海潜沙 第二十四章 开棺
藏海花在线试读,http://seputu.com/biji1/54.html,怒海潜沙 第二十五章 一个人
藏海花在线试读,http://seputu.com/biji1/55.html,怒海潜沙 第二十六章 瓷画
藏海花在线试读,http://seputu.com/biji1/56.html,怒海潜沙 第二十七章 无题
藏海花在线试读,http://seputu.com/biji1/57.html,怒海潜沙 第二十八章 继续无题
藏海花在线试读,http://seputu.com/biji1/58.html,怒海潜沙 第二十九章 石碑
藏海花在线试读,http://seputu.com/biji1/59.html,怒海潜沙 第三十章 池底
藏海花在线试读,http://seputu.com/biji1/60.html,怒海潜沙 第三十一章 二十年前
藏海花在线试读,http://seputu.com/biji1/61.html,怒海潜沙 第三十二章 奇门遁甲
藏海花在线试读,http://seputu.com/biji1/62.html,怒海潜沙 第三十三章 生门
藏海花在线试读,http://seputu.com/biji1/63.html,怒海潜沙 第三十四章 连环
藏海花在线试读,http://seputu.com/biji1/64.html,怒海潜沙 第三十五章 血字
藏海花在线试读,http://seputu.com/biji1/65.html,怒海潜沙 第三十六章 脱困
藏海花在线试读,http://seputu.com/biji1/66.html,怒海潜沙 第三十七章 盗洞
藏海花在线试读,http://seputu.com/biji1/67.html,怒海潜沙 第三十八章 禁婆
藏海花在线试读,http://seputu.com/biji1/68.html,怒海潜沙 第三十九章 混战
藏海花在线试读,http://seputu.com/biji1/69.html,怒海潜沙 第四十章 墙洞
藏海花在线试读,http://seputu.com/biji1/70.html,怒海潜沙 第四十一章 珊瑚树
藏海花在线试读,http://seputu.com/biji1/71.html,怒海潜沙 第四十二章 困境
藏海花在线试读,http://seputu.com/biji1/72.html,怒海潜沙 第四十三章 炸弹
藏海花在线试读,http://seputu.com/biji1/73.html,怒海潜沙 第四十四章 脱皮
藏海花在线试读,http://seputu.com/biji1/74.html,怒海潜沙 第四十五章 脱出
藏海花在线试读,http://seputu.com/biji1/75.html,怒海潜沙 第四十六章 总结
盗墓笔记 贺岁篇,http://seputu.com/biji1/1.html,七星鲁王 第一章 血尸
盗墓笔记 贺岁篇,http://seputu.com/biji1/2.html,七星鲁王 第二章 五十年后
盗墓笔记 贺岁篇,http://seputu.com/biji1/3.html,七星鲁王 第三章 瓜子庙
盗墓笔记 贺岁篇,http://seputu.com/biji1/4.html,七星鲁王 第四章 尸洞
盗墓笔记 贺岁篇,http://seputu.com/biji1/5.html,七星鲁王 第五章 水影
盗墓笔记 贺岁篇,http://seputu.com/biji1/6.html,七星鲁王 第六章 积尸地
盗墓笔记 贺岁篇,http://seputu.com/biji1/7.html,七星鲁王 第七章 一百多个人头
盗墓笔记 贺岁篇,http://seputu.com/biji1/8.html,七星鲁王 第八章 山谷
盗墓笔记 贺岁篇,http://seputu.com/biji1/9.html,七星鲁王 第九章 古墓
盗墓笔记 贺岁篇,http://seputu.com/biji1/10.html,七星鲁王 第十章 影子
盗墓笔记 贺岁篇,http://seputu.com/biji1/11.html,七星鲁王 第十一章 七星棺
盗墓笔记 贺岁篇,http://seputu.com/biji1/12.html,七星鲁王 第十二章 门
盗墓笔记 贺岁篇,http://seputu.com/biji1/13.html,七星鲁王 第十三章 02200059
盗墓笔记 贺岁篇,http://seputu.com/biji1/14.html,七星鲁王 第十四章 闷油瓶
盗墓笔记 贺岁篇,http://seputu.com/biji1/15.html,七星鲁王 第十五章 屁
盗墓笔记 贺岁篇,http://seputu.com/biji1/16.html,七星鲁王 第十六章 小手
盗墓笔记 贺岁篇,http://seputu.com/biji1/17.html,七星鲁王 第十七章 洞
盗墓笔记 贺岁篇,http://seputu.com/biji1/18.html,七星鲁王 第十八章 大树
盗墓笔记 贺岁篇,http://seputu.com/biji1/19.html,七星鲁王 第十九章 女尸
盗墓笔记 贺岁篇,http://seputu.com/biji1/20.html,七星鲁王 第二十章 钥匙
盗墓笔记 贺岁篇,http://seputu.com/biji1/21.html,七星鲁王 第二十一章 青眼狐尸
盗墓笔记 贺岁篇,http://seputu.com/biji1/22.html,七星鲁王 第二十二章 八重宝函
盗墓笔记 贺岁篇,http://seputu.com/biji1/23.html,七星鲁王 第二十三章 棺椁
盗墓笔记 贺岁篇,http://seputu.com/biji1/24.html,七星鲁王 第二十四章 活尸
盗墓笔记 贺岁篇,http://seputu.com/biji1/25.html,七星鲁王 第二十五章 玉俑
盗墓笔记 贺岁篇,http://seputu.com/biji1/26.html,七星鲁王 第二十六章 紫玉匣子
盗墓笔记 贺岁篇,http://seputu.com/biji1/27.html,七星鲁王 第二十七章 谎言
盗墓笔记 贺岁篇,http://seputu.com/biji1/28.html,七星鲁王 第二十八章 火
盗墓笔记 贺岁篇,http://seputu.com/biji1/29.html,七星鲁王 第二十九章 紫金匣
盗墓笔记 贺岁篇,http://seputu.com/biji1/30.html,怒海潜沙 第一章 蛇眉铜鱼
盗墓笔记 贺岁篇,http://seputu.com/biji1/31.html,怒海潜沙 第二章 双层墓墙
盗墓笔记 贺岁篇,http://seputu.com/biji1/32.html,怒海潜沙 第三章 大风暴
盗墓笔记 贺岁篇,http://seputu.com/biji1/33.html,怒海潜沙 第四章 海鬼
盗墓笔记 贺岁篇,http://seputu.com/biji1/34.html,怒海潜沙 第五章 老照片
盗墓笔记 贺岁篇,http://seputu.com/biji1/35.html,怒海潜沙 第六章 海南
盗墓笔记 贺岁篇,http://seputu.com/biji1/36.html,怒海潜沙 第七章 女人
盗墓笔记 贺岁篇,http://seputu.com/biji1/37.html,怒海潜沙 第八章 变天了
盗墓笔记 贺岁篇,http://seputu.com/biji1/38.html,怒海潜沙 第九章 鬼船
盗墓笔记 贺岁篇,http://seputu.com/biji1/39.html,怒海潜沙 第十章 枯手
盗墓笔记 贺岁篇,http://seputu.com/biji1/40.html,怒海潜沙 第十一章 甲板
盗墓笔记 贺岁篇,http://seputu.com/biji1/41.html,怒海潜沙 第十二章 三叔的谎言
盗墓笔记 贺岁篇,http://seputu.com/biji1/42.html,怒海潜沙 第十三章 海猴子
盗墓笔记 贺岁篇,http://seputu.com/biji1/43.html,怒海潜沙 第十四章 永兴岛
盗墓笔记 贺岁篇,http://seputu.com/biji1/44.html,怒海潜沙 第十五章 胖子
盗墓笔记 贺岁篇,http://seputu.com/biji1/45.html,怒海潜沙 第十六章 开会
盗墓笔记 贺岁篇,http://seputu.com/biji1/46.html,怒海潜沙 第十七章 头发
盗墓笔记 贺岁篇,http://seputu.com/biji1/47.html,怒海潜沙 第十八章 大量头发
盗墓笔记 贺岁篇,http://seputu.com/biji1/48.html,怒海潜沙 第十九章 大瓷罐
盗墓笔记 贺岁篇,http://seputu.com/biji1/49.html,怒海潜沙 第二十章 甬道
盗墓笔记 贺岁篇,http://seputu.com/biji1/50.html,怒海潜沙 第二十一章 箭
盗墓笔记 贺岁篇,http://seputu.com/biji1/51.html,怒海潜沙 第二十二章 第一次解迷
盗墓笔记 贺岁篇,http://seputu.com/biji1/52.html,怒海潜沙 第二十三章 继续解迷
盗墓笔记 贺岁篇,http://seputu.com/biji1/53.html,怒海潜沙 第二十四章 开棺
盗墓笔记 贺岁篇,http://seputu.com/biji1/54.html,怒海潜沙 第二十五章 一个人
盗墓笔记 贺岁篇,http://seputu.com/biji1/55.html,怒海潜沙 第二十六章 瓷画
盗墓笔记 贺岁篇,http://seputu.com/biji1/56.html,怒海潜沙 第二十七章 无题
盗墓笔记 贺岁篇,http://seputu.com/biji1/57.html,怒海潜沙 第二十八章 继续无题
盗墓笔记 贺岁篇,http://seputu.com/biji1/58.html,怒海潜沙 第二十九章 石碑
盗墓笔记 贺岁篇,http://seputu.com/biji1/59.html,怒海潜沙 第三十章 池底
盗墓笔记 贺岁篇,http://seputu.com/biji1/60.html,怒海潜沙 第三十一章 二十年前
盗墓笔记 贺岁篇,http://seputu.com/biji1/61.html,怒海潜沙 第三十二章 奇门遁甲
盗墓笔记 贺岁篇,http://seputu.com/biji1/62.html,怒海潜沙 第三十三章 生门
盗墓笔记 贺岁篇,http://seputu.com/biji1/63.html,怒海潜沙 第三十四章 连环
盗墓笔记 贺岁篇,http://seputu.com/biji1/64.html,怒海潜沙 第三十五章 血字
盗墓笔记 贺岁篇,http://seputu.com/biji1/65.html,怒海潜沙 第三十六章 脱困
盗墓笔记 贺岁篇,http://seputu.com/biji1/66.html,怒海潜沙 第三十七章 盗洞
盗墓笔记 贺岁篇,http://seputu.com/biji1/67.html,怒海潜沙 第三十八章 禁婆
盗墓笔记 贺岁篇,http://seputu.com/biji1/68.html,怒海潜沙 第三十九章 混战
盗墓笔记 贺岁篇,http://seputu.com/biji1/69.html,怒海潜沙 第四十章 墙洞
盗墓笔记 贺岁篇,http://seputu.com/biji1/70.html,怒海潜沙 第四十一章 珊瑚树
盗墓笔记 贺岁篇,http://seputu.com/biji1/71.html,怒海潜沙 第四十二章 困境
盗墓笔记 贺岁篇,http://seputu.com/biji1/72.html,怒海潜沙 第四十三章 炸弹
盗墓笔记 贺岁篇,http://seputu.com/biji1/73.html,怒海潜沙 第四十四章 脱皮
盗墓笔记 贺岁篇,http://seputu.com/biji1/74.html,怒海潜沙 第四十五章 脱出
盗墓笔记 贺岁篇,http://seputu.com/biji1/75.html,怒海潜沙 第四十六章 总结
盗墓笔记 贺岁篇,http://seputu.com/biji1/1.html,七星鲁王 第一章 血尸
盗墓笔记 贺岁篇,http://seputu.com/biji1/2.html,七星鲁王 第二章 五十年后
盗墓笔记 贺岁篇,http://seputu.com/biji1/3.html,七星鲁王 第三章 瓜子庙
盗墓笔记 贺岁篇,http://seputu.com/biji1/4.html,七星鲁王 第四章 尸洞
盗墓笔记 贺岁篇,http://seputu.com/biji1/5.html,七星鲁王 第五章 水影
盗墓笔记 贺岁篇,http://seputu.com/biji1/6.html,七星鲁王 第六章 积尸地
盗墓笔记 贺岁篇,http://seputu.com/biji1/7.html,七星鲁王 第七章 一百多个人头
盗墓笔记 贺岁篇,http://seputu.com/biji1/8.html,七星鲁王 第八章 山谷
盗墓笔记 贺岁篇,http://seputu.com/biji1/9.html,七星鲁王 第九章 古墓
盗墓笔记 贺岁篇,http://seputu.com/biji1/10.html,七星鲁王 第十章 影子
盗墓笔记 贺岁篇,http://seputu.com/biji1/11.html,七星鲁王 第十一章 七星棺
盗墓笔记 贺岁篇,http://seputu.com/biji1/12.html,七星鲁王 第十二章 门
盗墓笔记 贺岁篇,http://seputu.com/biji1/13.html,七星鲁王 第十三章 02200059
盗墓笔记 贺岁篇,http://seputu.com/biji1/14.html,七星鲁王 第十四章 闷油瓶
盗墓笔记 贺岁篇,http://seputu.com/biji1/15.html,七星鲁王 第十五章 屁
盗墓笔记 贺岁篇,http://seputu.com/biji1/16.html,七星鲁王 第十六章 小手
盗墓笔记 贺岁篇,http://seputu.com/biji1/17.html,七星鲁王 第十七章 洞
盗墓笔记 贺岁篇,http://seputu.com/biji1/18.html,七星鲁王 第十八章 大树
盗墓笔记 贺岁篇,http://seputu.com/biji1/19.html,七星鲁王 第十九章 女尸
盗墓笔记 贺岁篇,http://seputu.com/biji1/20.html,七星鲁王 第二十章 钥匙
盗墓笔记 贺岁篇,http://seputu.com/biji1/21.html,七星鲁王 第二十一章 青眼狐尸
盗墓笔记 贺岁篇,http://seputu.com/biji1/22.html,七星鲁王 第二十二章 八重宝函
盗墓笔记 贺岁篇,http://seputu.com/biji1/23.html,七星鲁王 第二十三章 棺椁
盗墓笔记 贺岁篇,http://seputu.com/biji1/24.html,七星鲁王 第二十四章 活尸
盗墓笔记 贺岁篇,http://seputu.com/biji1/25.html,七星鲁王 第二十五章 玉俑
盗墓笔记 贺岁篇,http://seputu.com/biji1/26.html,七星鲁王 第二十六章 紫玉匣子
盗墓笔记 贺岁篇,http://seputu.com/biji1/27.html,七星鲁王 第二十七章 谎言
盗墓笔记 贺岁篇,http://seputu.com/biji1/28.html,七星鲁王 第二十八章 火
盗墓笔记 贺岁篇,http://seputu.com/biji1/29.html,七星鲁王 第二十九章 紫金匣
盗墓笔记 贺岁篇,http://seputu.com/biji1/30.html,怒海潜沙 第一章 蛇眉铜鱼
盗墓笔记 贺岁篇,http://seputu.com/biji1/31.html,怒海潜沙 第二章 双层墓墙
盗墓笔记 贺岁篇,http://seputu.com/biji1/32.html,怒海潜沙 第三章 大风暴
盗墓笔记 贺岁篇,http://seputu.com/biji1/33.html,怒海潜沙 第四章 海鬼
盗墓笔记 贺岁篇,http://seputu.com/biji1/34.html,怒海潜沙 第五章 老照片
盗墓笔记 贺岁篇,http://seputu.com/biji1/35.html,怒海潜沙 第六章 海南
盗墓笔记 贺岁篇,http://seputu.com/biji1/36.html,怒海潜沙 第七章 女人
盗墓笔记 贺岁篇,http://seputu.com/biji1/37.html,怒海潜沙 第八章 变天了
盗墓笔记 贺岁篇,http://seputu.com/biji1/38.html,怒海潜沙 第九章 鬼船
盗墓笔记 贺岁篇,http://seputu.com/biji1/39.html,怒海潜沙 第十章 枯手
盗墓笔记 贺岁篇,http://seputu.com/biji1/40.html,怒海潜沙 第十一章 甲板
盗墓笔记 贺岁篇,http://seputu.com/biji1/41.html,怒海潜沙 第十二章 三叔的谎言
盗墓笔记 贺岁篇,http://seputu.com/biji1/42.html,怒海潜沙 第十三章 海猴子
盗墓笔记 贺岁篇,http://seputu.com/biji1/43.html,怒海潜沙 第十四章 永兴岛
盗墓笔记 贺岁篇,http://seputu.com/biji1/44.html,怒海潜沙 第十五章 胖子
盗墓笔记 贺岁篇,http://seputu.com/biji1/45.html,怒海潜沙 第十六章 开会
盗墓笔记 贺岁篇,http://seputu.com/biji1/46.html,怒海潜沙 第十七章 头发
盗墓笔记 贺岁篇,http://seputu.com/biji1/47.html,怒海潜沙 第十八章 大量头发
盗墓笔记 贺岁篇,http://seputu.com/biji1/48.html,怒海潜沙 第十九章 大瓷罐
盗墓笔记 贺岁篇,http://seputu.com/biji1/49.html,怒海潜沙 第二十章 甬道
盗墓笔记 贺岁篇,http://seputu.com/biji1/50.html,怒海潜沙 第二十一章 箭
盗墓笔记 贺岁篇,http://seputu.com/biji1/51.html,怒海潜沙 第二十二章 第一次解迷
盗墓笔记 贺岁篇,http://seputu.com/biji1/52.html,怒海潜沙 第二十三章 继续解迷
盗墓笔记 贺岁篇,http://seputu.com/biji1/53.html,怒海潜沙 第二十四章 开棺
盗墓笔记 贺岁篇,http://seputu.com/biji1/54.html,怒海潜沙 第二十五章 一个人
盗墓笔记 贺岁篇,http://seputu.com/biji1/55.html,怒海潜沙 第二十六章 瓷画
盗墓笔记 贺岁篇,http://seputu.com/biji1/56.html,怒海潜沙 第二十七章 无题
盗墓笔记 贺岁篇,http://seputu.com/biji1/57.html,怒海潜沙 第二十八章 继续无题
盗墓笔记 贺岁篇,http://seputu.com/biji1/58.html,怒海潜沙 第二十九章 石碑
盗墓笔记 贺岁篇,http://seputu.com/biji1/59.html,怒海潜沙 第三十章 池底
盗墓笔记 贺岁篇,http://seputu.com/biji1/60.html,怒海潜沙 第三十一章 二十年前
盗墓笔记 贺岁篇,http://seputu.com/biji1/61.html,怒海潜沙 第三十二章 奇门遁甲
盗墓笔记 贺岁篇,http://seputu.com/biji1/62.html,怒海潜沙 第三十三章 生门
盗墓笔记 贺岁篇,http://seputu.com/biji1/63.html,怒海潜沙 第三十四章 连环
盗墓笔记 贺岁篇,http://seputu.com/biji1/64.html,怒海潜沙 第三十五章 血字
盗墓笔记 贺岁篇,http://seputu.com/biji1/65.html,怒海潜沙 第三十六章 脱困
盗墓笔记 贺岁篇,http://seputu.com/biji1/66.html,怒海潜沙 第三十七章 盗洞
盗墓笔记 贺岁篇,http://seputu.com/biji1/67.html,怒海潜沙 第三十八章 禁婆
盗墓笔记 贺岁篇,http://seputu.com/biji1/68.html,怒海潜沙 第三十九章 混战
盗墓笔记 贺岁篇,http://seputu.com/biji1/69.html,怒海潜沙 第四十章 墙洞
盗墓笔记 贺岁篇,http://seputu.com/biji1/70.html,怒海潜沙 第四十一章 珊瑚树
盗墓笔记 贺岁篇,http://seputu.com/biji1/71.html,怒海潜沙 第四十二章 困境
盗墓笔记 贺岁篇,http://seputu.com/biji1/72.html,怒海潜沙 第四十三章 炸弹
盗墓笔记 贺岁篇,http://seputu.com/biji1/73.html,怒海潜沙 第四十四章 脱皮
盗墓笔记 贺岁篇,http://seputu.com/biji1/74.html,怒海潜沙 第四十五章 脱出
盗墓笔记 贺岁篇,http://seputu.com/biji1/75.html,怒海潜沙 第四十六章 总结
